<?xml version="1.0" encoding="utf-8" ?>
<extension type="package" version="3.5" method="upgrade">
	<name>pkg_sendinblue</name>
	<packagename>sendinblue</packagename>
	<creationDate>January 2019</creationDate>
	<packager>Branislav Gligorov</packager>
	<copyright>Copyright (C) 2018 SendInBlue, All Rights Reserved</copyright>
	<packageremail>branislav.gligorov@itsbg.eu</packageremail>
	<packagerurl>www.sendinblue.com</packagerurl>
	<author>Branislav Gligorov</author>
	<authorEmail>branislav.gligorov@itsbg.eu</authorEmail>
	<authorUrl>www.sendinblue.com</authorUrl>
	<version>1.0.4</version>
	<license>GNU/GPL Version 2 or later - http://www.gnu.org/licenses/gpl-2.0.html</license>
	<description>PKG_SENDINBLUE_XML_DESCRIPTION</description>
	<update>https://github.com/sendinblue/joomla-plugin/pkg_sendinblue_updates.xml</update>
	<files folder="packages">
		<!-- The id for each extension is the element stored in the DB -->
		<file type="component" id="com_sendinblue">com_sendinblue_v1_0_4.zip</file>
		<file type="module" id="mod_sendinblueform" client="site">mod_sendinblueform_v1_0_0.zip</file>
		<file type="plugin" id="sendinbluema" group="system">plg_sendinbluema_v1_0_0.zip</file>
	</files>
	<languages folder="language">
		<language tag="en-GB">en-GB/en-GB.pkg_sendinblue.ini</language>
		<language tag="en-GB">en-GB/en-GB.pkg_sendinblue.sys.ini</language>
	</languages>
	<updateservers>
		<server type="extension" name="SendinBlue updates" priority="2">https://raw.githubusercontent.com/sendinblue/joomla-plugin/master/pkg_sendinblue_updates.xml</server>
	</updateservers>
</extension>